Num of Clusters,Distortion Score
2,27.35877621885468
3,13.382548793814136
4,9.593920687002928
5,7.8574691791922735
6,6.626677845776102
7,5.080178565659426
